{"cameraMode":{"drawMode":0,"name":"Shaded","section":"Shading Mode"},"sceneLighting":true,"audioPlay":false,"sceneViewState":{"m_AlwaysRefresh":false,"showFog":true,"showSkybox":true,"showFlares":true,"showImageEffects":true,"showParticleSystems":true,"showVisualEffectGraphs":true,"m_FxEnabled":true},"in2DMode":false,"pivot":{"x":1.6595319509506226,"y":0.011557787656784058,"z":0.9083392024040222},"rotation":{"x":-0.3422372043132782,"y":0.4099714756011963,"z":-0.16938933730125428,"w":-0.8283153772354126},"size":6.41635799407959,"orthographic":false}