{"cameraMode":{"drawMode":0,"name":"Shaded","section":"Shading Mode"},"sceneLighting":true,"audioPlay":false,"sceneViewState":{"m_AlwaysRefresh":false,"showFog":true,"showSkybox":true,"showFlares":true,"showImageEffects":true,"showParticleSystems":true,"showVisualEffectGraphs":true,"m_FxEnabled":true},"in2DMode":false,"pivot":{"x":0.7155370116233826,"y":-0.24733543395996095,"z":0.5235139727592468},"rotation":{"x":0.7176326513290405,"y":0.0010446313535794616,"z":-0.0010764498729258776,"w":0.6964203119277954},"size":2.0730879306793215,"orthographic":true}